event,gender,skin_tone,outfit_type,outfit_image
wedding,male,light,suit,/content/drive/MyDrive/projectc_images/1.jpg
wedding,male,light,suit,/content/drive/MyDrive/projectc_images/2.jpg
wedding,male,light,suit,/content/drive/MyDrive/projectc_images/3.jpg
wedding,male,light,suit,/content/drive/MyDrive/projectc_images/4.jpg
wedding,male,light,sherwani,/content/drive/MyDrive/projectc_images/5.jpg
wedding,male,light,sherwani,/content/drive/MyDrive/projectc_images/6.jpg
wedding,male,light,sherwani,/content/drive/MyDrive/projectc_images/7.jpg
wedding,male,light,sherwani,/content/drive/MyDrive/projectc_images/8.jpg
wedding,male,light,kurta,/content/drive/MyDrive/projectc_images/9.jpg
wedding,male,light,kurta,/content/drive/MyDrive/projectc_images/10.jpg
wedding,male,light,kurta,/content/drive/MyDrive/projectc_images/11.jpg
wedding,male,light,kurta,/content/drive/MyDrive/projectc_images/12.jpg
wedding,male,light,jodhpuri,/content/drive/MyDrive/projectc_images/13.jpg
wedding,male,light,jodhpuri,/content/drive/MyDrive/projectc_images/14.jpg
wedding,male,light,jodhpuri,/content/drive/MyDrive/projectc_images/15.jpg
wedding,male,light,jodhpuri,/content/drive/MyDrive/projectc_images/16.jpg
wedding,male,light,blazer,/content/drive/MyDrive/projectc_images/17.jpg
wedding,male,light,blazer,/content/drive/MyDrive/projectc_images/18.jpg
wedding,male,light,blazer,/content/drive/MyDrive/projectc_images/19.jpg
wedding,male,light,blazer,/content/drive/MyDrive/projectc_images/20.jpg
wedding,male,light,shirt & pant,/content/drive/MyDrive/projectc_images/21.jpg
wedding,male,light,shirt & pant,/content/drive/MyDrive/projectc_images/22.jpg
wedding,male,light,shirt & pant,/content/drive/MyDrive/projectc_images/23.jpg
wedding,male,light,shirt & pant,/content/drive/MyDrive/projectc_images/24.jpg
wedding,male,medium,suit,/content/drive/MyDrive/projectc_images/25.jpg
wedding,male,medium,suit,/content/drive/MyDrive/projectc_images/26.jpg
wedding,male,medium,suit,/content/drive/MyDrive/projectc_images/27.jpg
wedding,male,medium,suit,/content/drive/MyDrive/projectc_images/28.jpg
wedding,male,medium,sherwani,/content/drive/MyDrive/projectc_images/29.jpg
wedding,male,medium,sherwani,/content/drive/MyDrive/projectc_images/30.jpg
wedding,male,medium,sherwani,/content/drive/MyDrive/projectc_images/31.jpg
wedding,male,medium,sherwani,/content/drive/MyDrive/projectc_images/32.jpg
wedding,male,medium,kurta,/content/drive/MyDrive/projectc_images/33.jpg
wedding,male,medium,kurta,/content/drive/MyDrive/projectc_images/34.jpg
wedding,male,medium,kurta,/content/drive/MyDrive/projectc_images/35.jpg
wedding,male,medium,kurta,/content/drive/MyDrive/projectc_images/36.jpg
wedding,male,medium,jodhpuri,/content/drive/MyDrive/projectc_images/37.jpg
wedding,male,medium,jodhpuri,/content/drive/MyDrive/projectc_images/38.jpg
wedding,male,medium,jodhpuri,/content/drive/MyDrive/projectc_images/39.jpg
wedding,male,medium,jodhpuri,/content/drive/MyDrive/projectc_images/40.jpg
wedding,male,medium,blazer,/content/drive/MyDrive/projectc_images/41.jpg
wedding,male,medium,blazer,/content/drive/MyDrive/projectc_images/42.jpg
wedding,male,medium,blazer,/content/drive/MyDrive/projectc_images/43.jpg
wedding,male,medium,blazer,/content/drive/MyDrive/projectc_images/44.jpg
wedding,male,medium,shirt & pant,/content/drive/MyDrive/projectc_images/45.jpg
wedding,male,medium,shirt & pant,/content/drive/MyDrive/projectc_images/46.jpg
wedding,male,medium,shirt & pant,/content/drive/MyDrive/projectc_images/47.jpg
wedding,male,medium,shirt & pant,/content/drive/MyDrive/projectc_images/48.jpg
wedding,male,dark,suit,/content/drive/MyDrive/projectc_images/49.jpg
wedding,male,dark,suit,/content/drive/MyDrive/projectc_images/50.jpg
wedding,male,dark,suit,/content/drive/MyDrive/projectc_images/51.jpg
wedding,male,dark,suit,/content/drive/MyDrive/projectc_images/52.jpg
wedding,male,dark,sherwani,/content/drive/MyDrive/projectc_images/53.jpg
wedding,male,dark,sherwani,/content/drive/MyDrive/projectc_images/54.jpg
wedding,male,dark,sherwani,/content/drive/MyDrive/projectc_images/55.jpg
wedding,male,dark,sherwani,/content/drive/MyDrive/projectc_images/56.jpg
wedding,male,dark,kurta,/content/drive/MyDrive/projectc_images/57.jpg
wedding,male,dark,kurta,/content/drive/MyDrive/projectc_images/58.jpg
wedding,male,dark,kurta,/content/drive/MyDrive/projectc_images/59.jpg
wedding,male,dark,kurta,/content/drive/MyDrive/projectc_images/60.jpg
wedding,male,dark,jodhpuri,/content/drive/MyDrive/projectc_images/61.jpg
wedding,male,dark,jodhpuri,/content/drive/MyDrive/projectc_images/62.jpg
wedding,male,dark,jodhpuri,/content/drive/MyDrive/projectc_images/63.jpg
wedding,male,dark,jodhpuri,/content/drive/MyDrive/projectc_images/64.jpg
wedding,male,dark,blazer,/content/drive/MyDrive/projectc_images/65.jpg
wedding,male,dark,blazer,/content/drive/MyDrive/projectc_images/66.jpg
wedding,male,dark,blazer,/content/drive/MyDrive/projectc_images/67.jpg
wedding,male,dark,blazer,/content/drive/MyDrive/projectc_images/68.jpg
wedding,male,dark,shirt & pant,/content/drive/MyDrive/projectc_images/69.jpg
wedding,male,dark,shirt & pant,/content/drive/MyDrive/projectc_images/70.jpg
wedding,male,dark,shirt & pant,/content/drive/MyDrive/projectc_images/71.jpg
wedding,male,dark,shirt & pant,/content/drive/MyDrive/projectc_images/72.jpg
wedding,female,light,saree,/content/drive/MyDrive/projectc_images/73.jpg
wedding,female,light,saree,/content/drive/MyDrive/projectc_images/74.jpg
wedding,female,light,saree,/content/drive/MyDrive/projectc_images/75.jpg
wedding,female,light,saree,/content/drive/MyDrive/projectc_images/76.jpg
wedding,female,light,lehenga,/content/drive/MyDrive/projectc_images/77.jpg
wedding,female,light,lehenga,/content/drive/MyDrive/projectc_images/78.jpg
wedding,female,light,lehenga,/content/drive/MyDrive/projectc_images/79.jpg
wedding,female,light,lehenga,/content/drive/MyDrive/projectc_images/80.jpg
wedding,female,light,anarkali,/content/drive/MyDrive/projectc_images/81.jpg
wedding,female,light,anarkali,/content/drive/MyDrive/projectc_images/82.jpg
wedding,female,light,anarkali,/content/drive/MyDrive/projectc_images/83.jpg
wedding,female,light,anarkali,/content/drive/MyDrive/projectc_images/84.jpg
wedding,female,light,sharara,/content/drive/MyDrive/projectc_images/85.jpg
wedding,female,light,sharara,/content/drive/MyDrive/projectc_images/86.jpg
wedding,female,light,sharara,/content/drive/MyDrive/projectc_images/87.jpg
wedding,female,light,sharara,/content/drive/MyDrive/projectc_images/88.jpg
wedding,female,light,salwar kameez,/content/drive/MyDrive/projectc_images/89.jpg
wedding,female,light,salwar kameez,/content/drive/MyDrive/projectc_images/90.jpg
wedding,female,light,salwar kameez,/content/drive/MyDrive/projectc_images/91.jpg
wedding,female,light,salwar kameez,/content/drive/MyDrive/projectc_images/92.jpg
wedding,female,light,gown,/content/drive/MyDrive/projectc_images/93.jpg
wedding,female,light,gown,/content/drive/MyDrive/projectc_images/94.jpg
wedding,female,light,gown,/content/drive/MyDrive/projectc_images/95.jpg
wedding,female,light,gown,/content/drive/MyDrive/projectc_images/96.jpg
wedding,female,medium,saree,/content/drive/MyDrive/projectc_images/97.jpg
wedding,female,medium,saree,/content/drive/MyDrive/projectc_images/98.jpg
wedding,female,medium,saree,/content/drive/MyDrive/projectc_images/99.jpg
wedding,female,medium,saree,/content/drive/MyDrive/projectc_images/100.jpg
wedding,female,medium,lehenga,/content/drive/MyDrive/projectc_images/101.jpg
wedding,female,medium,lehenga,/content/drive/MyDrive/projectc_images/102.jpg
wedding,female,medium,lehenga,/content/drive/MyDrive/projectc_images/103.jpg
wedding,female,medium,lehenga,/content/drive/MyDrive/projectc_images/104.jpg
wedding,female,medium,anarkali,/content/drive/MyDrive/projectc_images/105.jpg
wedding,female,medium,anarkali,/content/drive/MyDrive/projectc_images/106.jpg
wedding,female,medium,anarkali,/content/drive/MyDrive/projectc_images/107.jpg
wedding,female,medium,anarkali,/content/drive/MyDrive/projectc_images/108.jpg
wedding,female,medium,sharara,/content/drive/MyDrive/projectc_images/109.jpg
wedding,female,medium,sharara,/content/drive/MyDrive/projectc_images/110.jpg
wedding,female,medium,sharara,/content/drive/MyDrive/projectc_images/111.jpg
wedding,female,medium,salwar kameez,/content/drive/MyDrive/projectc_images/112.jpg
wedding,female,medium,salwar kameez,/content/drive/MyDrive/projectc_images/113.jpg
wedding,female,medium,salwar kameez,/content/drive/MyDrive/projectc_images/114.jpg
wedding,female,medium,gown,/content/drive/MyDrive/projectc_images/115.jpg
wedding,female,medium,gown,/content/drive/MyDrive/projectc_images/116.jpg
wedding,female,medium,gown,/content/drive/MyDrive/projectc_images/117.jpg
wedding,female,dark,saree,/content/drive/MyDrive/projectc_images/118.jpg
wedding,female,dark,saree,/content/drive/MyDrive/projectc_images/119.jpg
wedding,female,dark,saree,/content/drive/MyDrive/projectc_images/120.jpg
wedding,female,dark,lehenga,/content/drive/MyDrive/projectc_images/121.jpg
wedding,female,dark,lehenga,/content/drive/MyDrive/projectc_images/122.jpg
wedding,female,dark,lehenga,/content/drive/MyDrive/projectc_images/123.jpg
wedding,female,dark,anarkali,/content/drive/MyDrive/projectc_images/124.jpg
wedding,female,dark,anarkali,/content/drive/MyDrive/projectc_images/125.jpg
wedding,female,dark,anarkali,/content/drive/MyDrive/projectc_images/126.jpg
wedding,female,dark,sharara,/content/drive/MyDrive/projectc_images/127.jpg
wedding,female,dark,sharara,/content/drive/MyDrive/projectc_images/128.jpg
wedding,female,dark,sharara,/content/drive/MyDrive/projectc_images/129.jpg
wedding,female,dark,salwar kameez,/content/drive/MyDrive/projectc_images/130.jpg
wedding,female,dark,salwar kameez,/content/drive/MyDrive/projectc_images/131.jpg
wedding,female,dark,salwar kameez,/content/drive/MyDrive/projectc_images/132.jpg
wedding,female,dark,gown,/content/drive/MyDrive/projectc_images/133.jpg
wedding,female,dark,gown,/content/drive/MyDrive/projectc_images/615.jpg
wedding,female,dark,gown,/content/drive/MyDrive/projectc_images/135.jpg
festival,male,light,suit,/content/drive/MyDrive/projectc_images/136.jpg
festival,male,light,suit,/content/drive/MyDrive/projectc_images/137.jpg
festival,male,light,suit,/content/drive/MyDrive/projectc_images/138.jpg
festival,male,light,sherwani,/content/drive/MyDrive/projectc_images/139.jpg
festival,male,light,sherwani,/content/drive/MyDrive/projectc_images/140.jpg
festival,male,light,sherwani,/content/drive/MyDrive/projectc_images/141.jpg
festival,male,light,kurta,/content/drive/MyDrive/projectc_images/142.jpg
festival,male,light,kurta,/content/drive/MyDrive/projectc_images/143.jpg
festival,male,light,kurta,/content/drive/MyDrive/projectc_images/144.jpg
festival,male,light,jodhpuri,/content/drive/MyDrive/projectc_images/145.jpg
festival,male,light,jodhpuri,/content/drive/MyDrive/projectc_images/146.jpg
festival,male,light,jodhpuri,/content/drive/MyDrive/projectc_images/147.jpg
festival,male,light,blazer,/content/drive/MyDrive/projectc_images/148.jpg
festival,male,light,blazer,/content/drive/MyDrive/projectc_images/149.jpg
festival,male,light,blazer,/content/drive/MyDrive/projectc_images/150.jpg
festival,male,light,shirt & pant,/content/drive/MyDrive/projectc_images/151.jpg
festival,male,light,shirt & pant,/content/drive/MyDrive/projectc_images/152.jpg
festival,male,light,shirt & pant,/content/drive/MyDrive/projectc_images/153.jpg
festival,male,medium,suit,/content/drive/MyDrive/projectc_images/154.jpg
festival,male,medium,suit,/content/drive/MyDrive/projectc_images/155.jpg
festival,male,medium,suit,/content/drive/MyDrive/projectc_images/156.jpg
festival,male,medium,sherwani,/content/drive/MyDrive/projectc_images/157.jpg
festival,male,medium,sherwani,/content/drive/MyDrive/projectc_images/158.jpg
festival,male,medium,sherwani,/content/drive/MyDrive/projectc_images/159.jpg
festival,male,medium,kurta,/content/drive/MyDrive/projectc_images/160.jpg
festival,male,medium,kurta,/content/drive/MyDrive/projectc_images/161.jpg
festival,male,medium,kurta,/content/drive/MyDrive/projectc_images/162.jpg
festival,male,medium,jodhpuri,/content/drive/MyDrive/projectc_images/163.jpg
festival,male,medium,jodhpuri,/content/drive/MyDrive/projectc_images/164.jpg
festival,male,medium,jodhpuri,/content/drive/MyDrive/projectc_images/165.jpg
festival,male,medium,blazer,/content/drive/MyDrive/projectc_images/166.jpg
festival,male,medium,blazer,/content/drive/MyDrive/projectc_images/167.jpg
festival,male,medium,blazer,/content/drive/MyDrive/projectc_images/168.jpg
festival,male,medium,shirt & pant,/content/drive/MyDrive/projectc_images/169.jpg
festival,male,medium,shirt & pant,/content/drive/MyDrive/projectc_images/170.jpg
festival,male,medium,shirt & pant,/content/drive/MyDrive/projectc_images/171.jpg
festival,male,dark,suit,/content/drive/MyDrive/projectc_images/172.jpg
festival,male,dark,suit,/content/drive/MyDrive/projectc_images/173.jpg
festival,male,dark,suit,/content/drive/MyDrive/projectc_images/174.jpg
festival,male,dark,sherwani,/content/drive/MyDrive/projectc_images/175.jpg
festival,male,dark,sherwani,/content/drive/MyDrive/projectc_images/176.jpg
festival,male,dark,sherwani,/content/drive/MyDrive/projectc_images/177.jpg
festival,male,dark,kurta,/content/drive/MyDrive/projectc_images/178.jpg
festival,male,dark,kurta,/content/drive/MyDrive/projectc_images/179.jpg
festival,male,dark,kurta,/content/drive/MyDrive/projectc_images/180.jpg
festival,male,dark,jodhpuri,/content/drive/MyDrive/projectc_images/181.jpg
festival,male,dark,jodhpuri,/content/drive/MyDrive/projectc_images/182.jpg
festival,male,dark,jodhpuri,/content/drive/MyDrive/projectc_images/183.jpg
festival,male,dark,blazer,/content/drive/MyDrive/projectc_images/184.jpg
festival,male,dark,blazer,/content/drive/MyDrive/projectc_images/185.jpg
festival,male,dark,blazer,/content/drive/MyDrive/projectc_images/186.jpg
festival,male,dark,shirt & pant,/content/drive/MyDrive/projectc_images/187.jpg
festival,male,dark,shirt & pant,/content/drive/MyDrive/projectc_images/188.jpg
festival,male,dark,shirt & pant,/content/drive/MyDrive/projectc_images/189.jpg
festival,female,light,saree,/content/drive/MyDrive/projectc_images/190.jpg
festival,female,light,saree,/content/drive/MyDrive/projectc_images/191.jpg
festival,female,light,saree,/content/drive/MyDrive/projectc_images/192.jpg
festival,female,light,lehenga,/content/drive/MyDrive/projectc_images/193.jpg
festival,female,light,lehenga,/content/drive/MyDrive/projectc_images/194.jpg
festival,female,light,lehenga,/content/drive/MyDrive/projectc_images/195.jpg
festival,female,light,anarkali,/content/drive/MyDrive/projectc_images/196.jpg
festival,female,light,anarkali,/content/drive/MyDrive/projectc_images/197.jpg
festival,female,light,anarkali,/content/drive/MyDrive/projectc_images/198.jpg
festival,female,light,sharara,/content/drive/MyDrive/projectc_images/199.jpg
festival,female,light,sharara,/content/drive/MyDrive/projectc_images/200.jpg
festival,female,light,sharara,/content/drive/MyDrive/projectc_images/201.jpg
festival,female,light,salwar kameez,/content/drive/MyDrive/projectc_images/202.jpg
festival,female,light,salwar kameez,/content/drive/MyDrive/projectc_images/203.jpg
festival,female,light,salwar kameez,/content/drive/MyDrive/projectc_images/204.jpg
festival,female,light,gown,/content/drive/MyDrive/projectc_images/205.jpg
festival,female,light,gown,/content/drive/MyDrive/projectc_images/206.jpg
festival,female,light,gown,/content/drive/MyDrive/projectc_images/207.jpg
festival,female,light,saree,/content/drive/MyDrive/projectc_images/208.jpg
festival,female,medium,saree,/content/drive/MyDrive/projectc_images/209.jpg
festival,female,medium,saree,/content/drive/MyDrive/projectc_images/210.jpg
festival,female,medium,lehenga,/content/drive/MyDrive/projectc_images/211.jpg
festival,female,medium,lehenga,/content/drive/MyDrive/projectc_images/212.jpg
festival,female,medium,lehenga,/content/drive/MyDrive/projectc_images/213.jpg
festival,female,medium,anarkali,/content/drive/MyDrive/projectc_images/214.jpg
festival,female,medium,anarkali,/content/drive/MyDrive/projectc_images/215.jpg
festival,female,medium,anarkali,/content/drive/MyDrive/projectc_images/216.jpg
festival,female,medium,sharara,/content/drive/MyDrive/projectc_images/217.jpg
festival,female,medium,sharara,/content/drive/MyDrive/projectc_images/218.jpg
festival,female,medium,sharara,/content/drive/MyDrive/projectc_images/219.jpg
festival,female,medium,salwar kameez,/content/drive/MyDrive/projectc_images/220.jpg
festival,female,medium,salwar kameez,/content/drive/MyDrive/projectc_images/221.jpg
festival,female,medium,salwar kameez,/content/drive/MyDrive/projectc_images/222.jpg
festival,female,medium,gown,/content/drive/MyDrive/projectc_images/223.jpg
festival,female,medium,gown,/content/drive/MyDrive/projectc_images/224.jpg
festival,female,medium,gown,/content/drive/MyDrive/projectc_images/225.jpg
festival,female,dark,saree,/content/drive/MyDrive/projectc_images/226.jpg
festival,female,dark,saree,/content/drive/MyDrive/projectc_images/227.jpg
festival,female,dark,saree,/content/drive/MyDrive/projectc_images/228.jpg
festival,female,dark,lehenga,/content/drive/MyDrive/projectc_images/229.jpg
festival,female,dark,lehenga,/content/drive/MyDrive/projectc_images/230.jpg
festival,female,dark,lehenga,/content/drive/MyDrive/projectc_images/231.jpg
festival,female,dark,anarkali,/content/drive/MyDrive/projectc_images/232.jpg
festival,female,dark,anarkali,/content/drive/MyDrive/projectc_images/233.jpg
festival,female,dark,anarkali,/content/drive/MyDrive/projectc_images/234.jpg
festival,female,dark,sharara,/content/drive/MyDrive/projectc_images/235.jpg
festival,female,dark,sharara,/content/drive/MyDrive/projectc_images/236.jpg
festival,female,dark,sharara,/content/drive/MyDrive/projectc_images/237.jpg
festival,female,dark,salwar kameez,/content/drive/MyDrive/projectc_images/238.jpg
festival,female,dark,salwar kameez,/content/drive/MyDrive/projectc_images/239.jpg
festival,female,dark,salwar kameez,/content/drive/MyDrive/projectc_images/240.jpg
festival,female,dark,gown,/content/drive/MyDrive/projectc_images/241.jpg
festival,female,dark,gown,/content/drive/MyDrive/projectc_images/242.jpg
festival,female,dark,gown,/content/drive/MyDrive/projectc_images/243.jpg
party,male,light,suit,/content/drive/MyDrive/projectc_images/244.jpg
party,male,light,suit,/content/drive/MyDrive/projectc_images/245.jpg
party,male,light,suit,/content/drive/MyDrive/projectc_images/246.jpg
party,male,light,sherwani,/content/drive/MyDrive/projectc_images/247.jpg
party,male,light,sherwani,/content/drive/MyDrive/projectc_images/248.jpg
party,male,light,sherwani,/content/drive/MyDrive/projectc_images/249.jpg
party,male,light,kurta,/content/drive/MyDrive/projectc_images/250.jpg
party,male,light,kurta,/content/drive/MyDrive/projectc_images/251.jpg
party,male,light,kurta,/content/drive/MyDrive/projectc_images/252.jpg
party,male,light,jodhpuri,/content/drive/MyDrive/projectc_images/253.jpg
party,male,light,jodhpuri,/content/drive/MyDrive/projectc_images/254.jpg
party,male,light,jodhpuri,/content/drive/MyDrive/projectc_images/255.jpg
party,male,light,blazer,/content/drive/MyDrive/projectc_images/256.jpg
party,male,light,blazer,/content/drive/MyDrive/projectc_images/257.jpg
party,male,light,blazer,/content/drive/MyDrive/projectc_images/258.jpg
party,male,light,shirt & pant,/content/drive/MyDrive/projectc_images/259.jpg
party,male,light,shirt & pant,/content/drive/MyDrive/projectc_images/260.jpg
party,male,light,shirt & pant,/content/drive/MyDrive/projectc_images/261.jpg
party,male,medium,suit,/content/drive/MyDrive/projectc_images/262.jpg
party,male,medium,suit,/content/drive/MyDrive/projectc_images/263.jpg
party,male,medium,suit,/content/drive/MyDrive/projectc_images/264.jpg
party,male,medium,sherwani,/content/drive/MyDrive/projectc_images/265.jpg
party,male,medium,sherwani,/content/drive/MyDrive/projectc_images/266.jpg
party,male,medium,sherwani,/content/drive/MyDrive/projectc_images/267.jpg
party,male,medium,kurta,/content/drive/MyDrive/projectc_images/268.jpg
party,male,medium,kurta,/content/drive/MyDrive/projectc_images/269.jpg
party,male,medium,kurta,/content/drive/MyDrive/projectc_images/270.jpg
party,male,medium,jodhpuri,/content/drive/MyDrive/projectc_images/271.jpg
party,male,medium,jodhpuri,/content/drive/MyDrive/projectc_images/272.jpg
party,male,medium,jodhpuri,/content/drive/MyDrive/projectc_images/273.jpg
party,male,medium,blazer,/content/drive/MyDrive/projectc_images/274.jpg
party,male,medium,blazer,/content/drive/MyDrive/projectc_images/275.jpg
party,male,medium,blazer,/content/drive/MyDrive/projectc_images/276.jpg
party,male,medium,shirt & pant,/content/drive/MyDrive/projectc_images/277.jpg
party,male,medium,shirt & pant,/content/drive/MyDrive/projectc_images/278.jpg
party,male,medium,shirt & pant,/content/drive/MyDrive/projectc_images/279.jpg
party,male,dark,suit,/content/drive/MyDrive/projectc_images/280.jpg
party,male,dark,suit,/content/drive/MyDrive/projectc_images/281.jpg
party,male,dark,suit,/content/drive/MyDrive/projectc_images/282.jpg
party,male,dark,sherwani,/content/drive/MyDrive/projectc_images/283.jpg
party,male,dark,sherwani,/content/drive/MyDrive/projectc_images/284.jpg
party,male,dark,sherwani,/content/drive/MyDrive/projectc_images/285.jpg
party,male,dark,kurta,/content/drive/MyDrive/projectc_images/286.jpg
party,male,dark,kurta,/content/drive/MyDrive/projectc_images/287.jpg
party,male,dark,kurta,/content/drive/MyDrive/projectc_images/288.jpg
party,male,dark,jodhpuri,/content/drive/MyDrive/projectc_images/289.jpg
party,male,dark,jodhpuri,/content/drive/MyDrive/projectc_images/290.jpg
party,male,dark,jodhpuri,/content/drive/MyDrive/projectc_images/291.jpg
party,male,dark,blazer,/content/drive/MyDrive/projectc_images/292.jpg
party,male,dark,blazer,/content/drive/MyDrive/projectc_images/293.jpg
party,male,dark,blazer,/content/drive/MyDrive/projectc_images/294.jpg
party,male,dark,shirt & pant,/content/drive/MyDrive/projectc_images/295.jpg
party,male,dark,shirt & pant,/content/drive/MyDrive/projectc_images/296.jpg
party,male,dark,shirt & pant,/content/drive/MyDrive/projectc_images/297.jpg
party,female,light,saree,/content/drive/MyDrive/projectc_images/298.jpg
party,female,light,saree,/content/drive/MyDrive/projectc_images/299.jpg
party,female,light,saree,/content/drive/MyDrive/projectc_images/300.jpg
party,female,light,lehenga,/content/drive/MyDrive/projectc_images/301.jpg
party,female,light,lehenga,/content/drive/MyDrive/projectc_images/302.jpg
party,female,light,lehenga,/content/drive/MyDrive/projectc_images/303.jpg
party,female,light,anarkali,/content/drive/MyDrive/projectc_images/304.jpg
party,female,light,anarkali,/content/drive/MyDrive/projectc_images/305.jpg
party,female,light,anarkali,/content/drive/MyDrive/projectc_images/306.jpg
party,female,light,sharara,/content/drive/MyDrive/projectc_images/307.jpg
party,female,light,sharara,/content/drive/MyDrive/projectc_images/308.jpg
party,female,light,sharara,/content/drive/MyDrive/projectc_images/309.jpg
party,female,light,salwar kameez,/content/drive/MyDrive/projectc_images/310.jpg
party,female,light,salwar kameez,/content/drive/MyDrive/projectc_images/311.jpg
party,female,light,salwar kameez,/content/drive/MyDrive/projectc_images/312.jpg
party,female,light,gown,/content/drive/MyDrive/projectc_images/313.jpg
party,female,light,gown,/content/drive/MyDrive/projectc_images/314.jpg
party,female,light,gown,/content/drive/MyDrive/projectc_images/315.jpg
party,female,medium,saree,/content/drive/MyDrive/projectc_images/316.jpg
party,female,medium,saree,/content/drive/MyDrive/projectc_images/317.jpg
party,female,medium,saree,/content/drive/MyDrive/projectc_images/318.jpg
party,female,medium,lehenga,/content/drive/MyDrive/projectc_images/319.jpg
party,female,medium,lehenga,/content/drive/MyDrive/projectc_images/320.jpg
party,female,medium,lehenga,/content/drive/MyDrive/projectc_images/321.jpg
party,female,medium,anarkali,/content/drive/MyDrive/projectc_images/322.jpg
party,female,medium,anarkali,/content/drive/MyDrive/projectc_images/323.jpg
party,female,medium,anarkali,/content/drive/MyDrive/projectc_images/324.jpg
party,female,medium,sharara,/content/drive/MyDrive/projectc_images/325.jpg
party,female,medium,sharara,/content/drive/MyDrive/projectc_images/326.jpg
party,female,medium,sharara,/content/drive/MyDrive/projectc_images/327.jpg
party,female,medium,salwar kameez,/content/drive/MyDrive/projectc_images/328.jpg
party,female,medium,salwar kameez,/content/drive/MyDrive/projectc_images/329.jpg
party,female,medium,salwar kameez,/content/drive/MyDrive/projectc_images/330.jpg
party,female,medium,gown,/content/drive/MyDrive/projectc_images/331.jpg
party,female,medium,gown,/content/drive/MyDrive/projectc_images/332.jpg
party,female,medium,gown,/content/drive/MyDrive/projectc_images/333.jpg
party,female,dark,saree,/content/drive/MyDrive/projectc_images/334.jpg
party,female,dark,saree,/content/drive/MyDrive/projectc_images/335.jpg
party,female,dark,saree,/content/drive/MyDrive/projectc_images/336.jpg
party,female,dark,lehenga,/content/drive/MyDrive/projectc_images/337.jpg
party,female,dark,lehenga,/content/drive/MyDrive/projectc_images/338.jpg
party,female,dark,lehenga,/content/drive/MyDrive/projectc_images/339.jpg
party,female,dark,anarkali,/content/drive/MyDrive/projectc_images/340.jpg
party,female,dark,anarkali,/content/drive/MyDrive/projectc_images/341.jpg
party,female,dark,anarkali,/content/drive/MyDrive/projectc_images/342.jpg
party,female,dark,sharara,/content/drive/MyDrive/projectc_images/343.jpg
party,female,dark,sharara,/content/drive/MyDrive/projectc_images/344.jpg
party,female,dark,sharara,/content/drive/MyDrive/projectc_images/345.jpg
party,female,dark,salwar kameez,/content/drive/MyDrive/projectc_images/346.jpg
party,female,dark,salwar kameez,/content/drive/MyDrive/projectc_images/347.jpg
party,female,dark,salwar kameez,/content/drive/MyDrive/projectc_images/348.jpg
party,female,dark,gown,/content/drive/MyDrive/projectc_images/349.jpg
party,female,dark,gown,/content/drive/MyDrive/projectc_images/350.jpg
party,female,dark,gown,/content/drive/MyDrive/projectc_images/351.jpg
casual,male,light,suit,/content/drive/MyDrive/projectc_images/352.jpg
casual,male,light,suit,/content/drive/MyDrive/projectc_images/353.jpg
casual,male,light,suit,/content/drive/MyDrive/projectc_images/354.jpg
casual,male,light,sherwani,/content/drive/MyDrive/projectc_images/355.jpg
casual,male,light,sherwani,/content/drive/MyDrive/projectc_images/356.jpg
casual,male,light,sherwani,/content/drive/MyDrive/projectc_images/357.jpg
casual,male,light,kurta,/content/drive/MyDrive/projectc_images/358.jpg
casual,male,light,kurta,/content/drive/MyDrive/projectc_images/359.jpg
casual,male,light,kurta,/content/drive/MyDrive/projectc_images/360.jpg
casual,male,light,jodhpuri,/content/drive/MyDrive/projectc_images/361.jpg
casual,male,light,jodhpuri,/content/drive/MyDrive/projectc_images/362.jpg
casual,male,light,jodhpuri,/content/drive/MyDrive/projectc_images/363.jpg
casual,male,light,blazer,/content/drive/MyDrive/projectc_images/364.jpg
casual,male,light,blazer,/content/drive/MyDrive/projectc_images/365.jpg
casual,male,light,blazer,/content/drive/MyDrive/projectc_images/366.jpg
casual,male,light,shirt & pant,/content/drive/MyDrive/projectc_images/367.jpg
casual,male,light,shirt & pant,/content/drive/MyDrive/projectc_images/368.jpg
casual,male,light,shirt & pant,/content/drive/MyDrive/projectc_images/369.jpg
casual,male,medium,suit,/content/drive/MyDrive/projectc_images/370.jpg
casual,male,medium,suit,/content/drive/MyDrive/projectc_images/371.jpg
casual,male,medium,suit,/content/drive/MyDrive/projectc_images/372.jpg
casual,male,medium,sherwani,/content/drive/MyDrive/projectc_images/373.jpg
casual,male,medium,sherwani,/content/drive/MyDrive/projectc_images/374.jpg
casual,male,medium,sherwani,/content/drive/MyDrive/projectc_images/375.jpg
casual,male,medium,kurta,/content/drive/MyDrive/projectc_images/376.jpg
casual,male,medium,kurta,/content/drive/MyDrive/projectc_images/377.jpg
casual,male,medium,kurta,/content/drive/MyDrive/projectc_images/378.jpg
casual,male,medium,jodhpuri,/content/drive/MyDrive/projectc_images/379.jpg
casual,male,medium,jodhpuri,/content/drive/MyDrive/projectc_images/380.jpg
casual,male,medium,jodhpuri,/content/drive/MyDrive/projectc_images/381.jpg
casual,male,medium,blazer,/content/drive/MyDrive/projectc_images/382.jpg
casual,male,medium,blazer,/content/drive/MyDrive/projectc_images/383.jpg
casual,male,medium,blazer,/content/drive/MyDrive/projectc_images/384.jpg
casual,male,medium,shirt & pant,/content/drive/MyDrive/projectc_images/385.jpg
casual,male,medium,shirt & pant,/content/drive/MyDrive/projectc_images/386.jpg
casual,male,medium,shirt & pant,/content/drive/MyDrive/projectc_images/387.jpg
casual,male,dark,suit,/content/drive/MyDrive/projectc_images/388.jpg
casual,male,dark,suit,/content/drive/MyDrive/projectc_images/389.jpg
casual,male,dark,suit,/content/drive/MyDrive/projectc_images/390.jpg
casual,male,dark,sherwani,/content/drive/MyDrive/projectc_images/391.jpg
casual,male,dark,sherwani,/content/drive/MyDrive/projectc_images/392.jpg
casual,male,dark,sherwani,/content/drive/MyDrive/projectc_images/393.jpg
casual,male,dark,kurta,/content/drive/MyDrive/projectc_images/394.jpg
casual,male,dark,kurta,/content/drive/MyDrive/projectc_images/395.jpg
casual,male,dark,kurta,/content/drive/MyDrive/projectc_images/396.jpg
casual,male,dark,jodhpuri,/content/drive/MyDrive/projectc_images/397.jpg
casual,male,dark,jodhpuri,/content/drive/MyDrive/projectc_images/398.jpg
casual,male,dark,jodhpuri,/content/drive/MyDrive/projectc_images/399.jpg
casual,male,dark,blazer,/content/drive/MyDrive/projectc_images/400.jpg
casual,male,dark,blazer,/content/drive/MyDrive/projectc_images/401.jpg
casual,male,dark,blazer,/content/drive/MyDrive/projectc_images/402.jpg
casual,male,dark,shirt & pant,/content/drive/MyDrive/projectc_images/403.jpg
casual,male,dark,shirt & pant,/content/drive/MyDrive/projectc_images/404.jpg
casual,male,dark,shirt & pant,/content/drive/MyDrive/projectc_images/405.jpg
casual,female,light,saree,/content/drive/MyDrive/projectc_images/406.jpg
casual,female,light,saree,/content/drive/MyDrive/projectc_images/407.jpg
casual,female,light,saree,/content/drive/MyDrive/projectc_images/408.jpg
casual,female,light,lehenga,/content/drive/MyDrive/projectc_images/409.jpg
casual,female,light,lehenga,/content/drive/MyDrive/projectc_images/410.jpg
casual,female,light,lehenga,/content/drive/MyDrive/projectc_images/411.jpg
casual,female,light,anarkali,/content/drive/MyDrive/projectc_images/412.jpg
casual,female,light,anarkali,/content/drive/MyDrive/projectc_images/413.jpg
casual,female,light,anarkali,/content/drive/MyDrive/projectc_images/414.jpg
casual,female,light,sharara,/content/drive/MyDrive/projectc_images/415.jpg
casual,female,light,sharara,/content/drive/MyDrive/projectc_images/416.jpg
casual,female,light,sharara,/content/drive/MyDrive/projectc_images/417.jpg
casual,female,light,salwar kameez,/content/drive/MyDrive/projectc_images/418.jpg
casual,female,light,salwar kameez,/content/drive/MyDrive/projectc_images/419.jpg
casual,female,light,salwar kameez,/content/drive/MyDrive/projectc_images/420.jpg
casual,female,light,gown,/content/drive/MyDrive/projectc_images/421.jpg
casual,female,light,gown,/content/drive/MyDrive/projectc_images/422.jpg
casual,female,light,gown,/content/drive/MyDrive/projectc_images/423.jpg
casual,female,medium,saree,/content/drive/MyDrive/projectc_images/424.jpg
casual,female,medium,saree,/content/drive/MyDrive/projectc_images/425.jpg
casual,female,medium,saree,/content/drive/MyDrive/projectc_images/426.jpg
casual,female,medium,lehenga,/content/drive/MyDrive/projectc_images/427.jpg
casual,female,medium,lehenga,/content/drive/MyDrive/projectc_images/428.jpg
casual,female,medium,lehenga,/content/drive/MyDrive/projectc_images/429.jpg
casual,female,medium,anarkali,/content/drive/MyDrive/projectc_images/430.jpg
casual,female,medium,anarkali,/content/drive/MyDrive/projectc_images/431.jpg
casual,female,medium,anarkali,/content/drive/MyDrive/projectc_images/432.jpg
casual,female,medium,sharara,/content/drive/MyDrive/projectc_images/433.jpg
casual,female,medium,sharara,/content/drive/MyDrive/projectc_images/434.jpg
casual,female,medium,sharara,/content/drive/MyDrive/projectc_images/435.jpg
casual,female,medium,salwar kameez,/content/drive/MyDrive/projectc_images/436.jpg
casual,female,medium,salwar kameez,/content/drive/MyDrive/projectc_images/437.jpg
casual,female,medium,salwar kameez,/content/drive/MyDrive/projectc_images/438.jpg
casual,female,medium,gown,/content/drive/MyDrive/projectc_images/439.jpg
casual,female,medium,gown,/content/drive/MyDrive/projectc_images/440.jpg
casual,female,medium,gown,/content/drive/MyDrive/projectc_images/441.jpg
casual,female,dark,saree,/content/drive/MyDrive/projectc_images/442.jpg
casual,female,dark,saree,/content/drive/MyDrive/projectc_images/443.jpg
casual,female,dark,saree,/content/drive/MyDrive/projectc_images/444.jpg
casual,female,dark,lehenga,/content/drive/MyDrive/projectc_images/445.jpg
casual,female,dark,lehenga,/content/drive/MyDrive/projectc_images/446.jpg
casual,female,dark,lehenga,/content/drive/MyDrive/projectc_images/447.jpg
casual,female,dark,anarkali,/content/drive/MyDrive/projectc_images/448.jpg
casual,female,dark,anarkali,/content/drive/MyDrive/projectc_images/449.jpg
casual,female,dark,anarkali,/content/drive/MyDrive/projectc_images/450.jpg
casual,female,dark,sharara,/content/drive/MyDrive/projectc_images/451.jpg
casual,female,dark,sharara,/content/drive/MyDrive/projectc_images/452.jpg
casual,female,dark,sharara,/content/drive/MyDrive/projectc_images/453.jpg
casual,female,dark,salwar kameez,/content/drive/MyDrive/projectc_images/454.jpg
casual,female,dark,salwar kameez,/content/drive/MyDrive/projectc_images/455.jpg
casual,female,dark,salwar kameez,/content/drive/MyDrive/projectc_images/456.jpg
casual,female,dark,gown,/content/drive/MyDrive/projectc_images/457.jpg
casual,female,dark,gown,/content/drive/MyDrive/projectc_images/458.jpg
casual,female,dark,gown,/content/drive/MyDrive/projectc_images/459.jpg
business,male,light,suit,/content/drive/MyDrive/projectc_images/460.jpg
business,male,light,suit,/content/drive/MyDrive/projectc_images/461.jpg
business,male,light,suit,/content/drive/MyDrive/projectc_images/462.jpg
business,male,light,sherwani,/content/drive/MyDrive/projectc_images/463.jpg
business,male,light,sherwani,/content/drive/MyDrive/projectc_images/464.jpg
business,male,light,sherwani,/content/drive/MyDrive/projectc_images/465.jpg
business,male,light,kurta,/content/drive/MyDrive/projectc_images/466.jpg
business,male,light,kurta,/content/drive/MyDrive/projectc_images/467.jpg
business,male,light,kurta,/content/drive/MyDrive/projectc_images/468.jpg
business,male,light,jodhpuri,/content/drive/MyDrive/projectc_images/469.jpg
business,male,light,jodhpuri,/content/drive/MyDrive/projectc_images/470.jpg
business,male,light,jodhpuri,/content/drive/MyDrive/projectc_images/471.jpg
business,male,light,blazer,/content/drive/MyDrive/projectc_images/472.jpg
business,male,light,blazer,/content/drive/MyDrive/projectc_images/473.jpg
business,male,light,blazer,/content/drive/MyDrive/projectc_images/474.jpg
business,male,light,shirt & pant,/content/drive/MyDrive/projectc_images/475.jpg
business,male,light,shirt & pant,/content/drive/MyDrive/projectc_images/476.jpg
business,male,light,shirt & pant,/content/drive/MyDrive/projectc_images/477.jpg
business,male,medium,suit,/content/drive/MyDrive/projectc_images/478.jpg
business,male,medium,suit,/content/drive/MyDrive/projectc_images/479.jpg
business,male,medium,suit,/content/drive/MyDrive/projectc_images/480.jpg
business,male,medium,sherwani,/content/drive/MyDrive/projectc_images/481.jpg
business,male,medium,sherwani,/content/drive/MyDrive/projectc_images/482.jpg
business,male,medium,sherwani,/content/drive/MyDrive/projectc_images/483.jpg
business,male,medium,kurta,/content/drive/MyDrive/projectc_images/484.jpg
business,male,medium,kurta,/content/drive/MyDrive/projectc_images/485.jpg
business,male,medium,kurta,/content/drive/MyDrive/projectc_images/486.jpg
business,male,medium,jodhpuri,/content/drive/MyDrive/projectc_images/487.jpg
business,male,medium,jodhpuri,/content/drive/MyDrive/projectc_images/488.jpg
business,male,medium,jodhpuri,/content/drive/MyDrive/projectc_images/489.jpg
business,male,medium,blazer,/content/drive/MyDrive/projectc_images/490.jpg
business,male,medium,blazer,/content/drive/MyDrive/projectc_images/491.jpg
business,male,medium,blazer,/content/drive/MyDrive/projectc_images/492.jpg
business,male,medium,shirt & pant,/content/drive/MyDrive/projectc_images/493.jpg
business,male,medium,shirt & pant,/content/drive/MyDrive/projectc_images/494.jpg
business,male,medium,shirt & pant,/content/drive/MyDrive/projectc_images/495.jpg
business,male,dark,suit,/content/drive/MyDrive/projectc_images/496.jpg
business,male,dark,suit,/content/drive/MyDrive/projectc_images/497.jpg
business,male,dark,suit,/content/drive/MyDrive/projectc_images/498.jpg
business,male,dark,sherwani,/content/drive/MyDrive/projectc_images/499.jpg
business,male,dark,sherwani,/content/drive/MyDrive/projectc_images/500.jpg
business,male,dark,sherwani,/content/drive/MyDrive/projectc_images/501.jpg
business,male,dark,kurta,/content/drive/MyDrive/projectc_images/502.jpg
business,male,dark,kurta,/content/drive/MyDrive/projectc_images/503.jpg
business,male,dark,kurta,/content/drive/MyDrive/projectc_images/504.jpg
business,male,dark,jodhpuri,/content/drive/MyDrive/projectc_images/505.jpg
business,male,dark,jodhpuri,/content/drive/MyDrive/projectc_images/506.jpg
business,male,dark,jodhpuri,/content/drive/MyDrive/projectc_images/507.jpg
business,male,dark,blazer,/content/drive/MyDrive/projectc_images/508.jpg
business,male,dark,blazer,/content/drive/MyDrive/projectc_images/509.jpg
business,male,dark,blazer,/content/drive/MyDrive/projectc_images/510.jpg
business,male,dark,shirt & pant,/content/drive/MyDrive/projectc_images/511.jpg
business,male,dark,shirt & pant,/content/drive/MyDrive/projectc_images/512.jpg
business,male,dark,shirt & pant,/content/drive/MyDrive/projectc_images/513.jpg
business,female,light,saree,/content/drive/MyDrive/projectc_images/514.jpg
business,female,light,saree,/content/drive/MyDrive/projectc_images/515.jpg
business,female,light,saree,/content/drive/MyDrive/projectc_images/516.jpg
business,female,light,lehenga,/content/drive/MyDrive/projectc_images/517.jpg
business,female,light,lehenga,/content/drive/MyDrive/projectc_images/518.jpg
business,female,light,lehenga,/content/drive/MyDrive/projectc_images/519.jpg
business,female,light,anarkali,/content/drive/MyDrive/projectc_images/520.jpg
business,female,light,anarkali,/content/drive/MyDrive/projectc_images/521.jpg
business,female,light,anarkali,/content/drive/MyDrive/projectc_images/522.jpg
business,female,light,sharara,/content/drive/MyDrive/projectc_images/523.jpg
business,female,light,sharara,/content/drive/MyDrive/projectc_images/524.jpg
business,female,light,sharara,/content/drive/MyDrive/projectc_images/525.jpg
business,female,light,salwar kameez,/content/drive/MyDrive/projectc_images/526.jpg
business,female,light,salwar kameez,/content/drive/MyDrive/projectc_images/527.jpg
business,female,light,salwar kameez,/content/drive/MyDrive/projectc_images/528.jpg
business,female,light,gown,/content/drive/MyDrive/projectc_images/529.jpg
business,female,light,gown,/content/drive/MyDrive/projectc_images/530.jpg
business,female,light,gown,/content/drive/MyDrive/projectc_images/531.jpg
business,female,medium,saree,/content/drive/MyDrive/projectc_images/532.jpg
business,female,medium,saree,/content/drive/MyDrive/projectc_images/533.jpg
business,female,medium,saree,/content/drive/MyDrive/projectc_images/534.jpg
business,female,medium,lehenga,/content/drive/MyDrive/projectc_images/535.jpg
business,female,medium,lehenga,/content/drive/MyDrive/projectc_images/536.jpg
business,female,medium,lehenga,/content/drive/MyDrive/projectc_images/537.jpg
business,female,medium,anarkali,/content/drive/MyDrive/projectc_images/538.jpg
business,female,medium,anarkali,/content/drive/MyDrive/projectc_images/539.jpg
business,female,medium,anarkali,/content/drive/MyDrive/projectc_images/540.jpg
business,female,medium,sharara,/content/drive/MyDrive/projectc_images/541.jpg
business,female,medium,sharara,/content/drive/MyDrive/projectc_images/542.jpg
business,female,medium,sharara,/content/drive/MyDrive/projectc_images/543.jpg
business,female,medium,salwar kameez,/content/drive/MyDrive/projectc_images/544.jpg
business,female,medium,salwar kameez,/content/drive/MyDrive/projectc_images/545.jpg
business,female,medium,salwar kameez,/content/drive/MyDrive/projectc_images/546.jpg
business,female,medium,gown,/content/drive/MyDrive/projectc_images/547.jpg
business,female,medium,gown,/content/drive/MyDrive/projectc_images/548.jpg
business,female,medium,gown,/content/drive/MyDrive/projectc_images/549.jpg
business,female,dark,saree,/content/drive/MyDrive/projectc_images/550.jpg
business,female,dark,saree,/content/drive/MyDrive/projectc_images/551.jpg
business,female,dark,saree,/content/drive/MyDrive/projectc_images/552.jpg
business,female,dark,lehenga,/content/drive/MyDrive/projectc_images/553.jpg
business,female,dark,lehenga,/content/drive/MyDrive/projectc_images/554.jpg
business,female,dark,lehenga,/content/drive/MyDrive/projectc_images/555.jpg
business,female,dark,anarkali,/content/drive/MyDrive/projectc_images/556.jpg
business,female,dark,anarkali,/content/drive/MyDrive/projectc_images/557.jpg
business,female,dark,anarkali,/content/drive/MyDrive/projectc_images/558.jpg
business,female,dark,sharara,/content/drive/MyDrive/projectc_images/559.jpg
business,female,dark,sharara,/content/drive/MyDrive/projectc_images/560.jpg
business,female,dark,sharara,/content/drive/MyDrive/projectc_images/561.jpg
business,female,dark,salwar kameez,/content/drive/MyDrive/projectc_images/562.jpg
business,female,dark,salwar kameez,/content/drive/MyDrive/projectc_images/563.jpg
business,female,dark,salwar kameez,/content/drive/MyDrive/projectc_images/564.jpg
business,female,dark,gown,/content/drive/MyDrive/projectc_images/565.jpg
business,female,dark,gown,/content/drive/MyDrive/projectc_images/566.jpg
business,female,dark,gown,/content/drive/MyDrive/projectc_images/567.jpg
Beach,Female,Dark,Shorts & Tank Top,/content/drive/MyDrive/projectc_images/568.jpg
Beach,Female,Dark,Shorts & Tank Top,/content/drive/MyDrive/projectc_images/569.jpg
Beach,Female,Dark,Shorts & Tank Top,/content/drive/MyDrive/projectc_images/570.jpg
Beach,Female,Dark,Swimsuit,/content/drive/MyDrive/projectc_images/571.jpg
Beach,Female,Dark,Swimsuit,/content/drive/MyDrive/projectc_images/572.jpg
Beach,Female,Dark,Swimsuit,/content/drive/MyDrive/projectc_images/573.jpg
Beach,Female,medium,Shorts & Tank Top,/content/drive/MyDrive/projectc_images/574.jpg
Beach,Female,medium,Shorts & Tank Top,/content/drive/MyDrive/projectc_images/575.jpg
Beach,Female,medium,Shorts & Tank Top,/content/drive/MyDrive/projectc_images/576.jpg
Beach,Female,medium,Swimsuit,/content/drive/MyDrive/projectc_images/577.jpg
Beach,Female,medium,Swimsuit,/content/drive/MyDrive/projectc_images/578.jpg
Beach,Female,medium,Swimsuit,/content/drive/MyDrive/projectc_images/579.jpg
Beach,Female,light,Shorts & Tank Top,/content/drive/MyDrive/projectc_images/580.jpg
Beach,Female,light,Shorts & Tank Top,/content/drive/MyDrive/projectc_images/581.jpg
Beach,Female,light,Shorts & Tank Top,/content/drive/MyDrive/projectc_images/582.jpg
Beach,Female,light,Swimsuit,/content/drive/MyDrive/projectc_images/583.jpg
Beach,Female,light,Swimsuit,/content/drive/MyDrive/projectc_images/584.jpg
Beach,Female,light,Swimsuit,/content/drive/MyDrive/projectc_images/585.jpg
Beach,male,light,Shorts & Tank Top,/content/drive/MyDrive/projectc_images/586.jpg
Beach,male,light,Shorts & Tank Top,/content/drive/MyDrive/projectc_images/587.jpg
Beach,male,light,Shorts & Tank Top,/content/drive/MyDrive/projectc_images/588.jpg
Beach,male,light,Swimsuit,/content/drive/MyDrive/projectc_images/589.jpg
Beach,male,light,Swimsuit,/content/drive/MyDrive/projectc_images/590.jpg
Beach,male,light,Swimsuit,/content/drive/MyDrive/projectc_images/591.jpg
Beach,male,medium,Shorts & Tank Top,/content/drive/MyDrive/projectc_images/592.jpg
Beach,male,medium,Shorts & Tank Top,/content/drive/MyDrive/projectc_images/593.jpg
Beach,male,medium,Shorts & Tank Top,/content/drive/MyDrive/projectc_images/594.jpg
Beach,male,medium,Swimsuit,/content/drive/MyDrive/projectc_images/595.jpg
Beach,male,medium,Swimsuit,/content/drive/MyDrive/projectc_images/596.jpg
Beach,male,medium,Swimsuit,/content/drive/MyDrive/projectc_images/597.jpg
Beach,male,Dark,Shorts & Tank Top,/content/drive/MyDrive/projectc_images/598.jpg
Beach,male,Dark,Shorts & Tank Top,/content/drive/MyDrive/projectc_images/599.jpg
Beach,male,Dark,Shorts & Tank Top,/content/drive/MyDrive/projectc_images/600.jpg
Beach,male,Dark,Swimsuit,/content/drive/MyDrive/projectc_images/601.jpg
Beach,male,Dark,Swimsuit,/content/drive/MyDrive/projectc_images/602.jpg
Beach,male,Dark,Swimsuit,/content/drive/MyDrive/projectc_images/603.jpg
formal,male,light,shirt & pant,/content/drive/MyDrive/projectc_images/604.jpg
formal,male,light,shirt & pant,/content/drive/MyDrive/projectc_images/605.jpg
formal,male,light,shirt & pant,/content/drive/MyDrive/projectc_images/606.jpg
formal,male,light,trousers,/content/drive/MyDrive/projectc_images/607.jpg
formal,male,light,trousers,/content/drive/MyDrive/projectc_images/608.jpg
formal,male,light,trousers,/content/drive/MyDrive/projectc_images/609.jpg
formal,male,medium,shirt & pant,/content/drive/MyDrive/projectc_images/610.jpg
formal,male,medium,shirt & pant,/content/drive/MyDrive/projectc_images/611.jpg
formal,male,medium,shirt & pant,/content/drive/MyDrive/projectc_images/612.jpg
formal,male,medium,trousers,/content/drive/MyDrive/projectc_images/613.jpg
formal,male,medium,trousers,/content/drive/MyDrive/projectc_images/614.jpg
formal,male,medium,trousers,/content/drive/MyDrive/projectc_images/615.jpg
formal,male,Dark,shirt & pant,/content/drive/MyDrive/projectc_images/616.jpg
formal,male,Dark,shirt & pant,/content/drive/MyDrive/projectc_images/617.jpg
formal,male,Dark,shirt & pant,/content/drive/MyDrive/projectc_images/618.jpg
formal,male,Dark,trousers,/content/drive/MyDrive/projectc_images/619.jpg
formal,male,Dark,trousers,/content/drive/MyDrive/projectc_images/620.jpg
formal,male,Dark,trousers,/content/drive/MyDrive/projectc_images/621.jpg
formal,Female,light,suit,/content/drive/MyDrive/projectc_images/622.jpg
formal,Female,light,suit,/content/drive/MyDrive/projectc_images/623.jpg
formal,Female,light,suit,/content/drive/MyDrive/projectc_images/624.jpg
formal,Female,light,shirt & pant,/content/drive/MyDrive/projectc_images/625.jpg
formal,Female,light,shirt & pant,/content/drive/MyDrive/projectc_images/626.jpg
formal,Female,light,shirt & pant,/content/drive/MyDrive/projectc_images/627.jpg
formal,Female,light,top,/content/drive/MyDrive/projectc_images/628.jpg
formal,Female,light,top,/content/drive/MyDrive/projectc_images/629.jpg
formal,Female,light,top,/content/drive/MyDrive/projectc_images/630.jpg
formal,Female,medium,suit,/content/drive/MyDrive/projectc_images/631.jpg
formal,Female,medium,suit,/content/drive/MyDrive/projectc_images/632.jpg
formal,Female,medium,suit,/content/drive/MyDrive/projectc_images/633.jpg
formal,Female,medium,shirt & pant,/content/drive/MyDrive/projectc_images/634.jpg
formal,Female,medium,shirt & pant,/content/drive/MyDrive/projectc_images/635.jpg
formal,Female,medium,shirt & pant,/content/drive/MyDrive/projectc_images/636.jpg
formal,Female,medium,top,/content/drive/MyDrive/projectc_images/637.jpg
formal,Female,medium,top,/content/drive/MyDrive/projectc_images/638.jpg
formal,Female,medium,top,/content/drive/MyDrive/projectc_images/639.jpg
formal,Female,Dark,suit,/content/drive/MyDrive/projectc_images/640.jpg
formal,Female,Dark,suit,/content/drive/MyDrive/projectc_images/641.jpg
formal,Female,Dark,suit,/content/drive/MyDrive/projectc_images/642.jpg
formal,Female,Dark,shirt & pant,/content/drive/MyDrive/projectc_images/643.jpg
formal,Female,Dark,shirt & pant,/content/drive/MyDrive/projectc_images/644.jpg
formal,Female,Dark,shirt & pant,/content/drive/MyDrive/projectc_images/645.jpg
formal,Female,Dark,top,/content/drive/MyDrive/projectc_images/646.jpg
formal,Female,Dark,top,/content/drive/MyDrive/projectc_images/647.jpg
formal,Female,Dark,top,/content/drive/MyDrive/projectc_images/648.jpg
sports,male,light,T-shirt and pant,/content/drive/MyDrive/projectc_images/649.jpg
sports,male,light,T-shirt and pant,/content/drive/MyDrive/projectc_images/650.jpg
sports,male,light,T-shirt and pant,/content/drive/MyDrive/projectc_images/651.jpg
sports,male,light,t-shirt and short,/content/drive/MyDrive/projectc_images/652.jpg
sports,male,light,t-shirt and short,/content/drive/MyDrive/projectc_images/653.jpg
sports,male,light,t-shirt and short,/content/drive/MyDrive/projectc_images/654.jpg
sports,male,medium,T-shirt and pant,/content/drive/MyDrive/projectc_images/655.jpg
sports,male,medium,T-shirt and pant,/content/drive/MyDrive/projectc_images/656.jpg
sports,male,medium,T-shirt and pant,/content/drive/MyDrive/projectc_images/657.jpg
sports,male,medium,t-shirt and short,/content/drive/MyDrive/projectc_images/658.jpg
sports,male,medium,t-shirt and short,/content/drive/MyDrive/projectc_images/659.jpg
sports,male,medium,t-shirt and short,/content/drive/MyDrive/projectc_images/660.jpg
sports,male,Dark,T-shirt and pant,/content/drive/MyDrive/projectc_images/661.jpg
sports,male,Dark,T-shirt and pant,/content/drive/MyDrive/projectc_images/662.jpg
sports,male,Dark,T-shirt and pant,/content/drive/MyDrive/projectc_images/663.jpg
sports,male,Dark,t-shirt and short,/content/drive/MyDrive/projectc_images/664.jpg
sports,male,Dark,t-shirt and short,/content/drive/MyDrive/projectc_images/665.jpg
sports,male,Dark,t-shirt and short,/content/drive/MyDrive/projectc_images/666.jpg
sports,Female,light,T-shirt and pant,/content/drive/MyDrive/projectc_images/667.jpg
sports,Female,light,T-shirt and pant,/content/drive/MyDrive/projectc_images/668.jpg
sports,Female,light,T-shirt and pant,/content/drive/MyDrive/projectc_images/669.jpg
sports,Female,light,t-shirt and short,/content/drive/MyDrive/projectc_images/670.jpg
sports,Female,light,t-shirt and short,/content/drive/MyDrive/projectc_images/671.jpg
sports,Female,light,t-shirt and short,/content/drive/MyDrive/projectc_images/672.jpg
sports,Female,medium,T-shirt and pant,/content/drive/MyDrive/projectc_images/673.jpg
sports,Female,medium,T-shirt and pant,/content/drive/MyDrive/projectc_images/674.jpg
sports,Female,medium,T-shirt and pant,/content/drive/MyDrive/projectc_images/675.jpg
sports,Female,medium,t-shirt and short,/content/drive/MyDrive/projectc_images/676.jpg
sports,Female,medium,t-shirt and short,/content/drive/MyDrive/projectc_images/677.jpg
sports,Female,medium,t-shirt and short,/content/drive/MyDrive/projectc_images/678.jpg
sports,Female,Dark,T-shirt and pant,/content/drive/MyDrive/projectc_images/679.jpg
sports,Female,Dark,T-shirt and pant,/content/drive/MyDrive/projectc_images/680.jpg
sports,Female,Dark,T-shirt and pant,/content/drive/MyDrive/projectc_images/681.jpg
sports,Female,Dark,t-shirt and short,/content/drive/MyDrive/projectc_images/682.jpg
sports,Female,Dark,t-shirt and short,/content/drive/MyDrive/projectc_images/683.jpg
sports,Female,Dark,t-shirt and short,/content/drive/MyDrive/projectc_images/684.jpg
wedding,female,light,lehenga,/content/drive/MyDrive/projectc_images/1000.jpg
wedding,female,light,lehenga,/content/drive/MyDrive/projectc_images/1001.jpg
wedding,female,light,lehenga,/content/drive/MyDrive/projectc_images/1002.jpg
wedding,female,light,lehenga,/content/drive/MyDrive/projectc_images/1003.jpg
wedding,female,light,lehenga,/content/drive/MyDrive/projectc_images/1004.jpg
wedding,female,light,lehenga,/content/drive/MyDrive/projectc_images/1005.jpg
wedding,female,light,lehenga,/content/drive/MyDrive/projectc_images/1006.jpg
wedding,female,light,lehenga,/content/drive/MyDrive/projectc_images/1007.jpg
wedding,female,medium,lehenga,/content/drive/MyDrive/projectc_images/1008.jpg
wedding,female,medium,lehenga,/content/drive/MyDrive/projectc_images/1009.jpg
wedding,female,medium,lehenga,/content/drive/MyDrive/projectc_images/1010.jpg
business,male,light,suit,/content/drive/MyDrive/projectc_images/1011.jpg
business,male,light,suit,/content/drive/MyDrive/projectc_images/1012.jpg
business,male,light,suit,/content/drive/MyDrive/projectc_images/1013.jpg
business,male,dark,suit,/content/drive/MyDrive/projectc_images/1014.jpg
business,male,dark,suit,/content/drive/MyDrive/projectc_images/1015.jpg
business,male,dark,suit,/content/drive/MyDrive/projectc_images/1016.jpg
business,male,dark,suit,/content/drive/MyDrive/projectc_images/1017.jpg
wedding,male,dark,shirt & pant,/content/drive/MyDrive/projectc_images/1112.jpg
wedding,male,dark,shirt & pant,/content/drive/MyDrive/projectc_images/1113.jpg
weddding,male,dark,shirt & pant,/content/drive/MyDrive/projectc_images/1114.jpg
wedding,male,light,sherwani,/content/drive/MyDrive/projectc_images/1115.jpg
wedding,male,light,sherwani,/content/drive/MyDrive/projectc_images/1116.jpg
wedding,male,light,sherwani,/content/drive/MyDrive/projectc_images/1117.jpg
wedding,male,light,sherwani,/content/drive/MyDrive/projectc_images/1118.jpg
wedding,male,light,blazer,/content/drive/MyDrive/projectc_images/1119.jpg
wedding,male,light,blazer,/content/drive/MyDrive/projectc_images/1120.jpg
wedding,male,light,blazer,/content/drive/MyDrive/projectc_images/1121.jpg
wedding,male,light,blazer,/content/drive/MyDrive/projectc_images/1122.jpg
wedding,male,light,suit,/content/drive/MyDrive/projectc_images/1123.jpg
wedding,male,light,suit,/content/drive/MyDrive/projectc_images/1124.jpg
wedding,male,light,suit,/content/drive/MyDrive/projectc_images/1125.jpg
wedding,male,light,suit,/content/drive/MyDrive/projectc_images/1126.jpg
wedding,male,medium,shirt & pant,/content/drive/MyDrive/projectc_images/1127.jpg
wedding,male,medium,shirt & pant,/content/drive/MyDrive/projectc_images/1128.jpg
wedding,male,medium,shirt & pant,/content/drive/MyDrive/projectc_images/1129.jpg
wedding,male,medium,suit,/content/drive/MyDrive/projectc_images/1130.jpg
wedding,male,medium,suit,/content/drive/MyDrive/projectc_images/1131.jpg
wedding,male,medium,suit,/content/drive/MyDrive/projectc_images/1132.jpg
wedding,male,medium,suit,/content/drive/MyDrive/projectc_images/1133.jpg
wedding,male,medium,jodhpuri,/content/drive/MyDrive/projectc_images/1134.jpg
wedding,male,medium,jodhpuri,/content/drive/MyDrive/projectc_images/1135.jpg
wedding,male,medium,jodhpuri,/content/drive/MyDrive/projectc_images/1136.jpg
wedding,male,medium,jodhpuri,/content/drive/MyDrive/projectc_images/1137.jpg
wedding,male,light,shirt & pant,/content/drive/MyDrive/projectc_images/1138.jpg
wedding,male,light,shirt & pant,/content/drive/MyDrive/projectc_images/1139.jpg
wedding,male,light,shirt & pant,/content/drive/MyDrive/projectc_images/1140.jpg
beach,male,medium,t-shirt and short,/content/drive/MyDrive/projectc_images/1141.jpg
beach,male,medium,t-shirt and short,/content/drive/MyDrive/projectc_images/1142.jpg
beach,male,medium,t-shirt and short,/content/drive/MyDrive/projectc_images/1143.jpg
